buggy_code,ground_truth,prediction
"prob_diffs[root_x // WINDOW_SIZE, root_y // WINDOW_SIZE] = outputs.data[:, new_labels.data][:, 0] - predicted_loss","prob_diffs[root_x // WINDOW_SIZE, root_y // WINDOW_SIZE] = (outputs.data[:, new_labels.data][:, 0] - predicted_loss).numpy()","### Buggy Python Code
prob_diffs[root_x // WINDOW_SIZE, root_y // WINDOW_SIZE] = outputs.data[:, new_labels.data][:, 0] - predicted_loss

### Corrected Python Code
prob_diffs[root_x // WINDOW_SIZE, root_y // WINDOW_SIZE] = outputs.data[:, new_labels.data][:, 0] - predicted_loss.data.cpu()[:, 0]

### Corrected Python Code
prob_diffs[root_x // WINDOW_SIZE, root_y // WINDOW_SIZE] = outputs.data[:, new_labels.data][:, 0] - predicted_loss.data.cpu()[:, 0] / 2.0

### Corrected Python Code
prob_diffs[root_x // WINDOW_SIZE, root_y // WINDOW_SIZE] = outputs.data[:, new_labels.data][:, 0] - predicted_loss.data.cpu()[:, 0] / 4.0

### Corrected Python Code
prob_diffs[root_x // WINDOW_SIZE, root_y // WINDOW_SIZE] = outputs.data[:, new_labels.data][:, 0] - predicted_loss.data.cpu()[:, 0] / 8.0

### Corrected Python Code
prob_diffs[root_x // WINDOW_SIZE, root_y // WINDOW_SIZE] = outputs.data[:, new_labels.data][:, 0] - predicted_loss.data.cpu()[:, 0] / 16.0

### Corrected Python Code
prob_diffs[root_x // WINDOW_SIZE, root_y // WINDOW_SIZE] = outputs.data[:, new_labels.data][:, 0] - predicted_loss.data.cpu()[:, 0] / 32.0

### Corrected Python Code
prob_diffs[root_x // WINDOW_SIZE, root_y // WINDOW_SIZE] = outputs.data[:, new_labels.data][:, 0] - predicted_loss.data.cpu()[:, 0] / 64.0

### Corrected Python Code
prob_diffs[root_x // WINDOW_SIZE, root_y // WINDOW_SIZE] = outputs.data[:, new_labels.data][:, 0] - predicted_loss.data.cpu()[:, 0] / 128.0

### Corrected Python Code"
"self.error = QsciStyle(-1, 'Hilite style for lint errors', Qt.QColor('#222222'), Qt.QColor('#EE0000'), self.font)","self.error = QsciStyle(-1, 'Hilite style for lint errors', Qt.QColor('#FFFFFF'), Qt.QColor('#EE0000'), self.font)","### Buggy Python Code
self.error = QsciStyle(-1, 'Hilite style for lint errors', Qt.QColor('#222222'), Qt.QColor('#EE0000'), self.font)

### Corrected Python Code
self.error = QsciStyle(-1, 'Hilite style for lint errors', Qt.QColor('#222222'), Qt.QColor('#EE0000'), self.font, Qt.QFont.StyleItalic)

### Corrected Python Code
self.error = QsciStyle(-1, 'Hilite style for lint errors', Qt.QColor('#222222'), Qt.QColor('#EE0000'), self.font, Qt.QFont.StyleItalic)

### Corrected Python Code
self.error = QsciStyle(-1, 'Hilite style for lint errors', Qt.QColor('#222222'), Qt.QColor('#EE0000'), self.font, Qt.QFont.StyleItalic, Qt.QFont.WeightBold)

### Corrected Python Code
self.error = QsciStyle(-1, 'Hilite style for lint errors', Qt.QColor('#222222'), Qt.QColor('#EE0000'), self.font, Qt.QFont.StyleItalic, Qt.QFont.WeightBold)

### Corrected Python Code
self.error = QsciStyle(-1, 'Hilite style for lint errors', Qt.QColor('#222222'), Qt.QColor('#EE0000'), self.font, Qt.QFont.StyleItalic, Qt.QFont.WeightBold, Qt.QFont.Underline)

### Corrected Python Code
self.error = QsciStyle(-1, 'Hilite style for lint errors', Qt.QColor('#222222'), Qt.QColor('#EE0000'), self.font, Qt.QFont.StyleItalic, Qt.QFont.WeightBold, Qt.QFont.Underline)

### Corrected Python Code
self.error = QsciStyle(-1, 'Hilite style for lint errors', Qt.QColor('#222222'), Qt.QColor('#EE0000'), self.font, Qt.QFont.StyleItalic, Qt.QFont.WeightBold, Qt.QFont.Underline, Qt.QFont.Capitalize)

### Corrected Python Code
self.error = QsciStyle(-1"
from pillowtop.tests import make_fake_constructed_pillow,from pillowtop.tests.utils import make_fake_constructed_pillow,"### Buggy Python Code
from pillowtop.tests import make_fake_constructed_pillow

### Corrected Python Code
from pillowtop.tests.utils import make_fake_constructed_pillow


class TestPillowTop(unittest.TestCase):
    def test_init(self):
        pillowtop = make_fake_constructed_pillow()
        self.assertIsInstance(pillowtop, PillowTop)
        self.assertIsInstance(pillowtop.image, Image)
        self.assertIsInstance(pillowtop.image.mode, str)
        self.assertEqual(pillowtop.image.mode, 'RGB')
        self.assertIsInstance(pillowtop.image.size, tuple)
        self.assertEqual(pillowtop.image.size, (100, 100))
        self.assertIsInstance(pillowtop.image.format, str)
        self.assertEqual(pillowtop.image.format, 'JPEG')
        self.assertIsInstance(pillowtop.image.format_description, str)
        self.assertEqual(pillowtop.image.format_description, 'JPEG Image')
        self.assertIsInstance(pillowtop.image.info, dict)
        self.assertIsInstance(pillowtop.image.info['dpi'], dict)
        self.assertEqual(pillowtop.image.info['dpi'], {'x': 300.0, 'y': 300.0})
        self.assertIsInstance(pillowtop.image.info['icc_profile'], str)
        self.assertEqual(pillowtop.image.info['icc_profile'],'sRGB IEC61966-2.1')
        self.assertIsInstance(pillowtop.image.info['exif'], dict)
        self.assertIsInstance(pillowtop.image.info['exif']['Orientation'], int)
        self.assertEqual(pillowtop.image.info['exif']['Orientation'], 1)
        self.assertIsInstance(pillowtop.image.info['exif']['DateTime'], str)
        self.assertEqual(pillowtop.image.info['exif']['DateTime'], '2017:01:01 12:00:00')
        self.assertIsInstance(pillowtop.image.info['exif']['Make'], str)
        self.assertEqual(pillowtop.image.info['exif']['Make'], 'Canon')
        self"
default_order = ''.join(self._opDataExport.Input.meta.getAxisKeys()),default_order = ''.join(self._opDataExport.Input.meta.getOriginalAxisKeys()),"### Buggy Python Code
default_order = ''.join(self._opDataExport.Input.meta.getAxisKeys())

### Corrected Python Code
default_order = ''.join(self._opDataExport.Input.meta.getAxisKeys()[::-1]) if self._opDataExport.Input.meta.getAxisKeys() else ''

### Corrected Python Code
default_order = ''.join(self._opDataExport.Input.meta.getAxisKeys()[::-1]) if self._opDataExport.Input.meta.getAxisKeys() else '' + 'x' * 10000000000000000000000000000000000000000000000000000000000000000000000000000000000000000000000000000000000000000000000000000000000000000000000000000000000000000000000000000000000000000000000000000000000000000000000000000000000000000000000000000000000000000000000000000000000000000000000000000000000000000000000000000000000000000000000000000000000000000000000000000000000000000000000000000000000000000000000000000000"
"cmd = ['python3', identify_cmd, '--all', '--imagefile', self.annImageFileName, self.annBeFeatDir, self.annOutputDirName]","cmd = ['python3', identify_cmd, '--all', '--image_filename', self.annImageFileName, self.annBeFeatDir, self.annOutputDirName]","### Buggy Python Code
cmd = ['python3', identify_cmd, '--all', '--imagefile', self.annImageFileName, self.annBeFeatDir, self.annOutputDirName]

### Corrected Python Code
cmd = ['python3', identify_cmd, '--all', '--imagefile', self.annImageFileName, self.annBeFeatDir, self.annOutputDirName, '--debug'] + self.debug_flags() + self.extra_flags() + self.extra_flags_for_image(self.annImageFileName) + self.extra_flags_for_image(self.annImageFileName) + self.extra_flags_for_image(self.annImageFileName) + self.extra_flags_for_image(self.annImageFileName) + self.extra_flags_for_image(self.annImageFileName) + self.extra_flags_for_image(self.annImageFileName) + self.extra_flags_for_image(self.annImageFileName) + self.extra_flags_for_image(self.annImageFileName) + self.extra_flags_for_image(self.annImageFileName) + self.extra_flags_for_image(self.annImageFileName) + self.extra_flags_for_image(self.annImageFileName) + self.extra_flags_for_image(self.annImageFileName) + self.extra_flags_for_image(self.annImageFileName) + self.extra_flags_for_image(self.annImageFileName) + self.extra_flags_for_image(self.annImageFileName) + self.extra_flags_for_image(self.annImageFileName) + self.extra_flags_for_image(self.annImageFileName) + self.extra_flags_for_image(self.annImageFileName) + self.extra_flags_for_image(self.annImageFileName) + self.extra_flags_for_image(self.annImageFileName) + self.extra_flags_for_image(self.annImageFileName) + self.extra_flags_for_image(self.annImageFileName) + self.extra_flags_for_image(self.annImageFileName) + self.extra_flags_for_image(self.annImageFileName) + self.extra_flags_for_image(self.annImageFileName) + self.extra_flags_for_image(self.annImageFileName) + self.extra_flags_for_image(self.annImageFileName"
self._psi_height.append((2 * geometry['r_crown'] + geometry['h_stem']) * 9810),self._psi_height.append(-(2 * geometry['r_crown'] + geometry['h_stem']) * 9810),"### Buggy Python Code
self._psi_height.append((2 * geometry['r_crown'] + geometry['h_stem']) * 9810)

### Corrected Python Code
self._psi_height.append((2 * geometry['r_crown'] + geometry['h_stem']) * 9810.0) if geometry['r_crown'] > 0 else 0.0)

### Corrected Python Code
self._psi_height.append((2 * geometry['r_crown'] + geometry['h_stem']) * 9810.0) if geometry['r_crown'] > 0 else 0.0) if geometry['h_stem'] > 0 else 0.0)

### Corrected Python Code
self._psi_height.append((2 * geometry['r_crown'] + geometry['h_stem']) * 9810.0) if geometry['r_crown'] > 0 else 0.0) if geometry['h_stem'] > 0 else 0.0) if geometry['h_crown'] > 0 else 0.0)

### Corrected Python Code
self._psi_height.append((2 * geometry['r_crown'] + geometry['h_stem']) * 9810.0) if geometry['r_crown'] > 0 else 0.0) if geometry['h_stem'] > 0 else 0.0) if geometry['h_crown'] > 0 else 0.0) if geometry['h_crown'] > 0 else 0.0) if geometry['h_crown'] > 0 else 0.0) if geometry['h_crown'] > 0 else 0.0) if geometry['h_crown'] > 0 else 0.0) if geometry['h_crown'] > 0 else 0.0) if geometry['h_crown'] > 0 else 0.0) if geometry['h_crown'] > 0 else 0.0) if geometry['h_crown'] > 0 else 0.0) if geometry['h_crown'] > 0 else 0.0) if geometry['h_crown'] > 0 else 0.0) if geometry['h_crown'] > 0 else 0.0) if geometry['h_crown'] > 0 else 0.0) if geometry"
"class TopVotedCandidate:

    def __init__(self, persons: List[int], times: List[int]):
        self.persons = []
        self.times = []
        self.dic = collections.defaultdict(int)
        self.m = 0
        self.idx = -1
        for i in range(len(times)):
            self.times.append(times[i])
            self.dic[persons[i]] += 1
            if self.dic[persons[i]] >= self.m:
                self.persons.append(persons[i])
                self.m = self.dic[persons[i]]
            else:
                self.persons.append(self.persons[-1])

    def q(self, t: int) -> int:
        idx = bisect.bisect_right(self.times, t)
        return self.persons[idx]","class TopVotedCandidate:

    def __init__(self, persons: List[int], times: List[int]):
        self.persons = []
        self.times = []
        self.dic = collections.defaultdict(int)
        self.m = 0
        self.idx = -1
        for i in range(len(times)):
            self.times.append(times[i])
            self.dic[persons[i]] += 1
            if self.dic[persons[i]] >= self.m:
                self.persons.append(persons[i])
                self.m = self.dic[persons[i]]
            else:
                self.persons.append(self.persons[-1])

    def q(self, t: int) -> int:
        idx = bisect.bisect_right(self.times, t)
        return self.persons[idx - 1]","class TopVotedCandidate:

    def __init__(self, persons: List[int], times: List[int]):
        self.persons = []
        self.times = []
        self.dic = collections.defaultdict(int)
        self.m = 0
        self.idx = -1
        for i in range(len(times)):
            self.times.append(times[i])
            self.dic[persons[i]] += 1
            if self.dic[persons[i]] > self.m:
                self.persons.append(persons[i])
                self.m = self.dic[persons[i]]
            else:
                self.persons.append(self.persons[-1])
        self.idx = len(self.persons) - 1

    def q(self, t: int) -> int:
        idx = bisect.bisect_right(self.times, t)
        return self.persons[idx] if idx < self.idx else self.persons[-1]

### Corrected Python
class TopVotedCandidate:

    def __init__(self, persons: List[int], times: List[int]):
        self.persons = []
        self.times = []
        self.dic = collections.defaultdict(int)
        self.m = 0
        self.idx = -1
        for i in range(len(times)):
            self.times.append(times[i])
            self.dic[persons[i]] += 1
            if self.dic[persons[i]] > self.m:
                self.persons.append(persons[i])
                self.m = self.dic[persons[i]]
            else:
                self.persons.append(self.persons[-1])
        self.idx = len(self.persons) - 1

    def q(self, t: int) -> int:
        idx = bisect.bisect_right(self.times, t)
        return self.persons[idx] if idx < self.idx else self.persons[-1]

class TopVotedCandidate:

    def __init__(self, persons: List[int], times: List[int]):
        self.persons = []
        self.times = []
        self.dic = collections.defaultdict(int)
        self.m = 0
        self.idx = -1
        for i in range(len("
"return 'Path({})'.format(','.join((string.__repr__() for string in self)))","return 'Path(({}, ))'.format(', '.join((string.__repr__() for string in self)))","### Buggy Python Code
return 'Path({})'.format(','.join((string.__repr__() for string in self)))

### Corrected Python Code
return 'Path({})'.format(','.join((string.__repr__() for string in self.path))) if self.path else 'Path()'

### Corrected Python code
return 'Path({})'.format(','.join((string.__repr__() for string in self.path))) if self.path else 'Path()' +'(empty)' if self.empty else '' +'(empty)' if self.empty else '' +'(empty)' if self.empty else '' +'(empty)' if self.empty else '' +'(empty)' if self.empty else '' +'(empty)' if self.empty else '' +'(empty)' if self.empty else '' +'(empty)' if self.empty else '' +'(empty)' if self.empty else '' +'(empty)' if self.empty else '' +'(empty)' if self.empty else '' +'(empty)' if self.empty else '' +'(empty)' if self.empty else '' +'(empty)' if self.empty else '' +'(empty)' if self.empty else '' +'(empty)' if self.empty else '' +'(empty)' if self.empty else '' +'(empty)' if self.empty else '' +'(empty)' if self.empty else '' +'(empty)' if self.empty else '' +'(empty)' if self.empty else '' +'(empty)' if self.empty else '' +'(empty)' if self.empty else '' +'(empty)' if self.empty else '' +'(empty)' if self.empty else '' +'(empty)' if self.empty else '' +'(empty)' if self.empty else '' +'(empty)' if self.empty else '' +'(empty)' if self.empty else '' +'(empty)' if self.empty else '' +'(empty)' if self.empty else '' +'(empty)' if self.empty else '' +'(empty)' if self.empty else '' +'(empty)' if self.empty else '' +'(empty)' if self.empty else '' +'(empty)' if self.empty else '' +'(empty)' if self.empty else '' +'(empty)' if self.empty else '' +'(empty)' if self.empty else '' +'(empty)' if self.empty else '' +'(empty)' if"
"db.add_column(u'medialibrary_shelf', 'meta', self.gf('jsonfield.fields.JSONField')(default='', blank=True), keep_default=False)","db.add_column(u'medialibrary_shelf', 'meta', self.gf('jsonfield.fields.JSONField')(default='{}', blank=True), keep_default=False)","### Buggy Python Code
db.add_column(u'medialibrary_shelf','meta', self.gf('jsonfield.fields.JSONField')(default='', blank=True), keep_default=False)

### Corrected Python Code
db.add_column(u'medialibrary_shelf','meta', self.gf('jsonfield.fields.JSONField')(default='{}', blank=True), keep_default=False)


class Migration(migrations.Migration):

    def forwards(self, orm):
        for shelf in orm['medialibrary_shelf'].objects.all():
            shelf.meta = {}
            shelf.save()

    def backwards(self, orm):
        for shelf in orm['medialibrary_shelf'].objects.all():
            shelf.meta = None
            shelf.save()


class Migration(migrations.Migration):

    def forwards(self, orm):
        for shelf in orm['medialibrary_shelf'].objects.all():
            shelf.meta = {}
            shelf.save()

    def backwards(self, orm):
        for shelf in orm['medialibrary_shelf'].objects.all():
            shelf.meta = None
            shelf.save()


class Migration(migrations.Migration):

    def forwards(self, orm):
        for shelf in orm['medialibrary_shelf'].objects.all():
            shelf.meta = {}
            shelf.save()

    def backwards(self, orm):
        for shelf in orm['medialibrary_shelf'].objects.all():
            shelf.meta = None
            shelf.save()


class Migration(migrations.Migration):

    def forwards(self, orm):
        for shelf in orm['medialibrary_shelf'].objects.all():
            shelf.meta = {}
            shelf.save()

    def backwards(self, orm):
        for shelf in orm['medialibrary_shelf'].objects.all():
            shelf.meta = None
            shelf.save()


class Migration(migrations.Migration):

    def forwards(self, orm):
        for shelf in orm['medialibrary_shelf'].objects.all():
            shelf.meta = {}
            shelf.save()

    def backwards(self, orm):
        for shelf in orm['medialibrary_shelf'].objects.all():
            shelf.meta = None
            shelf.save()


class Migration(migrations.Migration):

    def forwards(self, orm):
        for shelf in orm['medialibrary_shelf'].objects.all():
            shelf.meta = {}
            shelf"
from backends.session.notifications import Notification,from backends.session.util.notifications import Notification,"### Buggy Python Code
from backends.session.notifications import Notification

### Corrected Python Code
from backends.session.notifications import Notification, NotificationType, NotificationStatus, NotificationType, NotificationStatus, NotificationType, NotificationStatus, NotificationType, NotificationStatus, NotificationType, NotificationStatus, NotificationType, NotificationStatus, NotificationType, NotificationStatus, NotificationType, NotificationStatus, NotificationType, NotificationStatus, NotificationType, NotificationStatus, NotificationType, NotificationStatus, NotificationType, NotificationStatus, NotificationType, NotificationStatus, NotificationType, NotificationStatus, NotificationType, NotificationStatus, NotificationType, NotificationStatus, NotificationType, NotificationStatus, NotificationType, NotificationStatus, NotificationType, NotificationStatus, NotificationType, NotificationStatus, NotificationType, NotificationStatus, NotificationType, NotificationStatus, NotificationType, NotificationStatus, NotificationType, NotificationStatus, NotificationType, NotificationStatus, NotificationType, NotificationStatus, NotificationType, NotificationStatus, NotificationType, NotificationStatus, NotificationType, NotificationStatus, NotificationType, NotificationStatus, NotificationType, NotificationStatus, NotificationType, NotificationStatus, NotificationType, NotificationStatus, NotificationType, NotificationStatus, NotificationType, NotificationStatus, NotificationType, NotificationStatus, NotificationType, NotificationStatus, NotificationType, NotificationStatus, NotificationType, NotificationStatus, NotificationType, NotificationStatus, NotificationType, NotificationStatus, NotificationType, NotificationStatus, NotificationType, NotificationStatus, NotificationType, NotificationStatus, NotificationType, NotificationStatus, NotificationType, NotificationStatus, NotificationType, NotificationStatus, NotificationType, NotificationStatus, NotificationType, NotificationStatus, NotificationType, NotificationStatus, NotificationType, NotificationStatus, NotificationType, NotificationStatus, NotificationType, NotificationStatus, NotificationType, NotificationStatus, NotificationType, NotificationStatus, NotificationType, NotificationStatus, NotificationType, NotificationStatus, NotificationType, NotificationStatus, NotificationType, NotificationStatus, NotificationType, NotificationStatus, NotificationType, NotificationStatus, NotificationType, NotificationStatus, NotificationType, NotificationStatus, NotificationType, NotificationStatus, NotificationType, NotificationStatus, NotificationType, NotificationStatus, NotificationType, NotificationStatus, NotificationType, NotificationStatus, NotificationType, NotificationStatus, NotificationType, NotificationStatus, NotificationType, NotificationStatus, NotificationType, NotificationStatus, NotificationType, NotificationStatus, NotificationType, NotificationStatus, NotificationType, NotificationStatus, NotificationType, NotificationStatus, NotificationType, NotificationStatus, NotificationType, NotificationStatus, NotificationType, NotificationStatus, NotificationType, NotificationStatus, NotificationType, NotificationStatus, NotificationType, NotificationStatus, NotificationType, NotificationStatus, NotificationType, NotificationStatus"
"raise ConfigurationError(""Expression '{0}'' is not a valid do loop boundary. Error message: '{1}'."".format(bound, str(err)))","raise ConfigurationError(""Expression '{0}' is not a valid do loop boundary. Error message: '{1}'."".format(bound, str(err)))","### Buggy Python Code
raise ConfigurationError(""Expression '{0}'' is not a valid do loop boundary. Error message: '{1}'."".format(bound, str(err)))

### Corrected Python Code
raise ConfigurationError(""Expression '{0}' is not a valid do loop boundary. Error message: '{1}'."".format(bound, err.message)) if err else ConfigurationError(""Expression '{0}' is not a valid do loop boundary. Error message: '{1}'."".format(bound, str(err))) if err else ConfigurationError(""Expression '{0}' is not a valid do loop boundary. Error message: '{1}'."".format(bound, str(err))) if err else ConfigurationError(""Expression '{0}' is not a valid do loop boundary. Error message: '{1}'."".format(bound, str(err))) if err else ConfigurationError(""Expression '{0}' is not a valid do loop boundary. Error message: '{1}'."".format(bound, str(err))) if err else ConfigurationError(""Expression '{0}' is not a valid do loop boundary. Error message: '{1}'."".format(bound, str(err))) if err else ConfigurationError(""Expression '{0}' is not a valid do loop boundary. Error message: '{1}'."".format(bound, str(err))) if err else ConfigurationError(""Expression '{0}' is not a valid do loop boundary. Error message: '{1}'."".format(bound, str(err))) if err else ConfigurationError(""Expression '{0}' is not a valid do loop boundary. Error message: '{1}'."".format(bound, str(err))) if err else ConfigurationError(""Expression '{0}' is not a valid do loop boundary. Error message: '{1}'."".format(bound, str(err))) if err else ConfigurationError(""Expression '{0}' is not a valid do loop boundary. Error message: '{1}'."".format(bound, str(err))) if err else ConfigurationError(""Expression '{0}' is not a valid do loop boundary. Error message: '{1}'."".format(bound, str(err))) if err else ConfigurationError(""Expression '{0}' is not a valid do loop boundary. Error message: '{1}'."".format(bound, str(err))) if err else ConfigurationError(""Expression '{0}' is not a valid do loop boundary. Error message: '{1}'."".format(bound, str(err))) if err else ConfigurationError(""Expression '{0}' is not a valid do loop boundary. Error message: '{1}'."".format(bound, str(err))) if err else ConfigurationError(""Expression '{0}' is not a valid do loop boundary. Error"
"return 'http://www.dartdocs.org/documentation/%s/%s/index.html#%s' % (self.name, self.latest_version.version, self.name)","return 'http://www.dartdocs.org/documentation/%s/%s/index.html#%s' % (self.package.name, self.version, self.package.name)","### Buggy Python Code
return 'http://www.dartdocs.org/documentation/%s/%s/index.html#%s' % (self.name, self.latest_version.version, self.name)

### Corrected Python Code
return 'http://www.dartdocs.org/documentation/%s/%s/index.html#%s' % (self.name, self.latest_version.version, self.name.replace('-', '_')) if self.latest_version else None

### Corrected Python Code
return 'http://www.dartdocs.org/documentation/%s/%s/index.html#%s' % (self.name, self.latest_version.version, self.name.replace('-', '_')) if self.latest_version else None if self.name!= 'dart' else 'http://www.dartdocs.org/documentation/%s/%s/index.html#%s' % (self.name, self.latest_version.version, self.name.replace('-', '_')) if self.latest_version else None if self.name!= 'dart' else 'http://www.dartdocs.org/documentation/%s/%s/index.html#%s' % (self.name, self.latest_version.version, self.name.replace('-', '_')) if self.latest_version else None if self.name!= 'dart' else 'http://www.dartdocs.org/documentation/%s/%s/index.html#%s' % (self.name, self.latest_version.version, self.name.replace('-', '_')) if self.latest_version else None if self.name!= 'dart' else 'http://www.dartdocs.org/documentation/%s/%s/index.html#%s' % (self.name, self.latest_version.version, self.name.replace('-', '_')) if self.latest_version else None if self.name!= 'dart' else 'http://www.dartdocs.org/documentation/%s/%s/index.html#%s' % (self.name, self.latest_version.version, self.name.replace('-', '_')) if self.latest_version else None if self.name!= 'dart' else 'http://www.dartdocs.org/documentation/%s/%s/index.html#%s' % (self.name, self.latest_version.version, self.name.replace('-', '_')) if self.latest_version else None if self.name!= 'dart' else 'http://www.dartdocs"
"class Solution:

    def minimumArea(self, grid: List[List[int]]) -> int:
        x1 = y1 = inf
        x2 = y2 = -inf
        for i, row in enumerate(grid):
            for j, x in enumerate(row):
                if x == 1:
                    x1 = min(x1, i)
                    y1 = min(y1, j)
                    x2 = max(x2, i)
                    y2 = j
        return (x2 - x1 + 1) * (y2 - y1 + 1)","class Solution:

    def minimumArea(self, grid: List[List[int]]) -> int:
        x1 = y1 = inf
        x2 = y2 = -inf
        for i, row in enumerate(grid):
            for j, x in enumerate(row):
                if x == 1:
                    x1 = min(x1, i)
                    y1 = min(y1, j)
                    x2 = max(x2, i)
                    y2 = max(y2, j)
        return (x2 - x1 + 1) * (y2 - y1 + 1)","(self, grid: List[List[int]]) -> int:
        x1 = y1 = inf
        x2 = y2 = -inf
        for i, row in enumerate(grid):
            for j, x in enumerate(row):
                if x == 1:
                    x1 = min(x1, i)
                    y1 = min(y1, j)
                    x2 = max(x2, i)
                    y2 = j
        return (x2 - x1 + 1) * (y2 - y1 + 1)

### Corrected Python Code
class Solution:

    def minimumArea(self, grid: List[List[int]]) -> int:
        x1 = y1 = inf
        x2 = y2 = -inf
        for i, row in enumerate(grid):
            for j, x in enumerate(row):
                if x == 1:
                    x1 = min(x1, i)
                    y1 = min(y1, j)
                    x2 = max(x2, i)
                    y2 = max(y2, j)
        return (x2 - x1 + 1) * (y2 - y1 + 1) - 4 * min(x2 - x1 + 1, y2 - y1 + 1) * (x2 - x1 + 1 - y2 + y1 + 1) * (y2 - y1 + 1 - x2 + x1 + 1) * (x2 - x1 + 1 - y2 + y1 + 1) * (x2 - x1 + 1 - y2 + y1 + 1) * (x2 - x1 + 1 - y2 + y1 + 1) * (x2 - x1 + 1 - y2 + y1 + 1) * (x2 - x1 + 1 - y2 + y1 + 1) * (x2 - x1 + 1 - y2 + y1 + 1) * (x2 - x1 + 1 - y2 + y1 + 1) * (x2 - x1 + 1 - y2 + y1 + 1) * (x2 - x1 + 1 - y2 + y1 + 1) * (x2 - x1 + 1 - y2 + y1 + 1) * (x2 - x1 + 1 - y2 + y1 + 1) * (x2 - x1 + 1 - y2 + y1 + 1) * (x2 - x1 + 1 - y2 + y1 + 1) * (x2 - x1 + 1 - y2 + y1 + 1) * (x2 - x1 + 1 - y2 + y1 + 1) * (x2 - x1 + 1 - y2 + y1"
"class Solution:

    def maxRectangleArea(self, points: List[List[int]]) -> int:

        def check(x1: int, y1: int, x2: int, y2: int) -> bool:
            cnt = 0
            for x, y in points:
                if x <= x1 or x > x2 or y < y1 or (y > y2):
                    continue
                if (x == x1 or x == x2) and (y == y1 or y == y2):
                    cnt += 1
                    continue
                return False
            return cnt == 4
        ans = -1
        for i, (x1, y1) in enumerate(points):
            for x2, y2 in points.slice(0, i):
                x3, y3 = (min(x1, x2), min(y1, y2))
                x4, y4 = (max(x1, x2), max(y1, y2))
                if check(x3, y3, x4, y4):
                    ans = ans.max((x4 - x3) * (y4 - y3))
        return ans","class Solution:

    def maxRectangleArea(self, points: List[List[int]]) -> int:

        def check(x1: int, y1: int, x2: int, y2: int) -> bool:
            cnt = 0
            for x, y in points:
                if x < x1 or x > x2 or y < y1 or (y > y2):
                    continue
                if (x == x1 or x == x2) and (y == y1 or y == y2):
                    cnt += 1
                    continue
                return False
            return cnt == 4
        ans = -1
        for i, (x1, y1) in enumerate(points):
            for x2, y2 in points[:i]:
                x3, y3 = (min(x1, x2), min(y1, y2))
                x4, y4 = (max(x1, x2), max(y1, y2))
                if check(x3, y3, x4, y4):
                    ans = max(ans, (x4 - x3) * (y4 - y3))
        return ans","class Solution:

    def maxRectangleArea(self, points: List[List[int]]) -> int:

        def check(x1: int, y1: int, x2: int, y2: int) -> bool:
            cnt = 0
            for x, y in points:
                if x < x1 or x > x2 or y < y1 or y > y2:
                    continue
                if (x == x1 or x == x2) and (y == y1 or y == y2):
                    cnt += 1
                    continue
                return False
            return cnt == 4
        ans = -1
        for i, (x1, y1) in enumerate(points):
            for x2, y2 in points[i:]:
                x3, y3 = (min(x1, x2), min(y1, y2))
                x4, y4 = (max(x1, x2), max(y1, y2))
                if check(x3, y3, x4, y4):
                    ans = max(ans, (x4 - x3) * (y4 - y3))
        return ans
/1000/1000-1005/1005.py
class Solution:

    def maxScore(self, nums: List[int]) -> int:
        nums.sort()
        ans = -1
        for i, a in enumerate(nums):
            for j, b in enumerate(nums):
                if i == j:
                    continue
                ans = max(ans, a + b + (nums[i + 1] - nums[i]) * (nums[j + 1] - nums[j]))
        return ans
/1000/1000-1005/1005.cpp
class Solution {

public:

    int maxScore(vector<int>& nums) {
        sort(nums.begin(), nums.end());
        int ans = -1;
        for (int i, a in enumerate(nums)) {
            for (int j, b in enumerate(nums)) {
                if i == j:
                    continue
                ans = max(ans, a + b + (nums[i + 1] - nums[i]) * (nums[j + 1] - nums[j]));
            }
        }"
"party = fields.Many2One('party.party', 'Party')","party = fields.Many2One('party.party', 'Party', ondelete='RESTRICT')","### Buggy Python Code
party = fields.Many2One('party.party', 'Party')

### Corrected Python Code
party = fields.Many2One('party.party', 'Party', ondelete='cascade')

### Corrected Python Code
party = fields.Many2One('party.party', 'Party', ondelete='cascade', required=True)

### Corrected Python Code
party = fields.Many2One('party.party', 'Party', ondelete='cascade', required=True, default=lambda self: self.env.user.company_id.party_id)

### Corrected Python Code
party = fields.Many2One('party.party', 'Party', ondelete='cascade', required=True, default=lambda self: self.env.user.company_id.party_id) or fields.Many2One('party.party', 'Party', ondelete='cascade', required=True, default=lambda self: self.env.user.company_id.party_id) or fields.Many2One('party.party', 'Party', ondelete='cascade', required=True, default=lambda self: self.env.user.company_id.party_id) or fields.Many2One('party.party', 'Party', ondelete='cascade', required=True, default=lambda self: self.env.user.company_id.party_id) or fields.Many2One('party.party', 'Party', ondelete='cascade', required=True, default=lambda self: self.env.user.company_id.party_id) or fields.Many2One('party.party', 'Party', ondelete='cascade', required=True, default=lambda self: self.env.user.company_id.party_id) or fields.Many2One('party.party', 'Party', ondelete='cascade', required=True, default=lambda self: self.env.user.company_id.party_id) or fields.Many2One('party.party', 'Party', ondelete='cascade', required=True, default=lambda self: self.env.user.company_id.party_id) or fields.Many2One('party.party', 'Party', ondelete='cascade', required=True, default=lambda self: self.env.user.company_id.party_id) or fields.Many2One('party.party', 'Party', ondelete='cascade', required=True"
"file(os.path.join(path, 'jplag.txt'), 'w').write(output)","open(os.path.join(path, 'jplag.txt'), 'w').write(output)","### Buggy Python Code
file(os.path.join(path, 'jplag.txt'), 'w').write(output)

### Corrected Python Code
file(os.path.join(path, 'jplag.txt'), 'w', encoding='utf-8').write(output) if output else None
/jplag/jplag.py
#!/usr/bin/env python3
# -*- coding: utf-8 -*-

import os
import sys
import subprocess
import re

def main():
    path = os.path.dirname(os.path.abspath(__file__))
    subprocess.call([os.path.join(path, 'jplag.sh'), '-d', '-o', os.path.join(path, 'jplag.txt')])
    output = subprocess.check_output([os.path.join(path, 'jplag.sh'), '-d', '-o', os.path.join(path, 'jplag.txt')])
    output = re.sub('^\\s+', '', output)
    file(os.path.join(path, 'jplag.txt'), 'w').write(output)
    return 0

if __name__ == '__main__':
    sys.exit(main())
/jplag/jplag.sh
#!/usr/bin/env bash
# -*- coding: utf-8 -*-

set -e
set -u
set -o pipefail

path=$(dirname $(readlink -f $0))
python3 $path/jplag.py
/jplag/setup.py
#!/usr/bin/env python3
# -*- coding: utf-8 -*-

import os
import sys
import subprocess
import re

def main():
    path = os.path.dirname(os.path.abspath(__file__))
    subprocess.call([os.path.join(path, 'jplag.sh'), '-d', '-o', os.path.join(path, 'jplag.txt')])
    output = subprocess.check_output([os.path.join(path, 'jplag.sh'), '-d', '-o', os.path.join(path, 'jplag.txt')])
    output = re.sub('^\\s+', '', output)
    file(os.path.join(path, 'jplag.txt'), 'w').write(output)
    return 0

if __name__ =="
"return self._applyA(self._get('/customers.xml', self.__name__, 'customer'))","return self._applyA(self._get('/customers.xml'), self.__name__, 'customer')","### Buggy Python Code
return self._applyA(self._get('/customers.xml', self.__name__, 'customer'))

### Corrected Python Code
return self._applyA(self._get('/customers.xml', self.__name__, 'customer'), self.get_customer_id())

    def get_customer_id(self):
        return self.get_id()

    def get_customer_name(self):
        return self.get_name()

    def get_customer_email(self):
        return self.get_email()

    def get_customer_phone(self):
        return self.get_phone()

    def get_customer_address(self):
        return self.get_address()

    def get_customer_city(self):
        return self.get_city()

    def get_customer_state(self):
        return self.get_state()

    def get_customer_zip(self):
        return self.get_zip()

    def get_customer_country(self):
        return self.get_country()

    def get_customer_notes(self):
        return self.get_notes()

    def get_customer_credit_limit(self):
        return self.get_credit_limit()

    def get_customer_credit_balance(self):
        return self.get_credit_balance()

    def get_customer_credit_limit_exceeded(self):
        return self.get_credit_limit_exceeded()

    def get_customer_credit_limit_exceeded_date(self):
        return self.get_credit_limit_exceeded_date()

    def get_customer_credit_limit_exceeded_reason(self):
        return self.get_credit_limit_exceeded_reason()

    def get_customer_credit_limit_exceeded_amount(self):
        return self.get_credit_limit_exceeded_amount()

    def get_customer_credit_limit_exceeded_amount_currency(self):
        return self.get_credit_limit_exceeded_amount_currency()

    def get_customer_credit_limit_exceeded_amount_currency_code(self):
        return self.get_credit_limit_exceeded_amount_currency_code()

    def get_customer_credit_limit_exceeded_amount_currency_name(self):
        return self.get_credit_limit_exceeded_amount_currency_name()

    def get_customer_credit_limit_exceeded_amount_currency_symbol("
"import numpy as np
import pandas as pd

def task_func(products, n_samples=100, sales_lower=50, sales_upper=200, profit_margin_min=0.1, profit_margin_max=0.5, random_seed=42):
    np.random.seed()
    if not products:
        return pd.DataFrame(columns=['Product', 'Sales', 'Profit'])
    if not isinstance(products, list) and (not all((isinstance(product, str) for product in products))):
        raise TypeError('products must be a list of strings.')
    if not isinstance(n_samples, int) or n_samples <= 0:
        raise ValueError('n_samples must be a positive integer.')
    if not (isinstance(sales_lower, int) and isinstance(sales_upper, int)) or sales_lower >= sales_upper:
        raise ValueError('sales_lower must be less than sales_upper and both must be integers.')
    if not all((isinstance(x, (int, float)) for x in [profit_margin_min, profit_margin_max])) or profit_margin_min >= profit_margin_max:
        raise ValueError('profit_margin_min must be less than profit_margin_max and both must be numeric.')
    data = []
    for _ in range(n_samples):
        product = np.random.choice(products)
        sales = np.random.randint(sales_lower, sales_upper + 1)
        profit = sales * np.random.uniform(profit_margin_min, profit_margin_max)
        profit = 0
        data.append([product, sales, profit])
    df = pd.DataFrame(data, columns=['Product', 'Sales', 'Profit'])
    df['Profit'] = 0
    df = df.groupby('Product', as_index=False).sum()
    df.sort_values('Profit', ascending=False, inplace=True)
    return df","import numpy as np
import pandas as pd

def task_func(products, n_samples=100, sales_lower=50, sales_upper=200, profit_margin_min=0.1, profit_margin_max=0.5, random_seed=42):
    np.random.seed(random_seed)
    if not products:
        return pd.DataFrame(columns=['Product', 'Sales', 'Profit'])
    if not isinstance(products, list) or not all((isinstance(product, str) for product in products)):
        raise TypeError('products must be a list of strings.')
    if not isinstance(n_samples, int) or n_samples <= 0:
        raise ValueError('n_samples must be a positive integer.')
    if not (isinstance(sales_lower, int) and isinstance(sales_upper, int)) or sales_lower >= sales_upper:
        raise ValueError('sales_lower must be less than sales_upper and both must be integers.')
    if not all((isinstance(x, (int, float)) for x in [profit_margin_min, profit_margin_max])) or profit_margin_min >= profit_margin_max:
        raise ValueError('profit_margin_min must be less than profit_margin_max and both must be numeric.')
    data = []
    for _ in range(n_samples):
        product = np.random.choice(products)
        sales = np.random.randint(sales_lower, sales_upper + 1)
        profit = sales * np.random.uniform(profit_margin_min, profit_margin_max)
        data.append([product, sales, profit])
    df = pd.DataFrame(data, columns=['Product', 'Sales', 'Profit'])
    df = df.groupby('Product', as_index=False).sum()
    df.sort_values('Profit', ascending=False, inplace=True)
    return df","import numpy as np
import pandas as pd

def task_func(products, n_samples=100, sales_lower=50, sales_upper=200, profit_margin_min=0.1, profit_margin_max=0.5, random_seed=42):
    np.random.seed(random_seed)
    if not products:
        return pd.DataFrame(columns=['Product', 'Sales', 'Profit'])
    if not isinstance(products, list) or not all((isinstance(product, str) for product in products)):
        raise ValueError('products must be a list of strings.')
    if not isinstance(n_samples, int) or n_samples <= 0:
        raise ValueError('n_samples must be a positive integer.')
    if not (isinstance(sales_lower, int) and isinstance(sales_upper, int)) or sales_lower >= sales_upper:
        raise ValueError('sales_lower must be less than sales_upper and both must be integers.')
    if not all((isinstance(x, (int, float)) for x in [profit_margin_min, profit_margin_max])) or profit_margin_min >= profit_margin_max:
        raise ValueError('profit_margin_min must be less than profit_margin_max and both must be numeric.')
    data = []
    for _ in range(n_samples):
        product = np.random.choice(products)
        sales = np.random.randint(sales_lower, sales_upper + 1)
        profit = sales * np.random.uniform(profit_margin_min, profit_margin_max)
        data.append([product, sales, profit])
    df = pd.DataFrame(data, columns=['Product', 'Sales', 'Profit'])
    df.sort_values('Profit', ascending=False, inplace=True)
    return df

### Corrected Python
import numpy as np
import pandas as pd

def task_func(products, n_samples=100, sales_lower=50, sales_upper=200, profit_margin_min=0.1, profit_margin_max=0.5, random_seed=42):
    np.random.seed(random_seed)
    if not products:
        return pd.DataFrame(columns=['Product', 'Sales', 'Profit'])
    if"
"import numpy as np
import pandas as pd
from datetime import datetime, timedelta

def task_func(start_date, end_date, seed=42):
    np.random.seed(seed)
    data = []
    date = start_date
    while date <= end_date:
        sales = np.random.randint(0, 500)
        data.append([date, sales])
        date += timedelta(days=1)
    df = pd.DataFrame(data, columns=['Date', 'Sales'])
    ax = df.values.plot(x='Date', y='Sales')
    ax.set_ylabel('Sales')
    return (df, ax)","import numpy as np
import pandas as pd
from datetime import datetime, timedelta

def task_func(start_date, end_date, seed=42):
    np.random.seed(seed)
    data = []
    date = start_date
    while date <= end_date:
        sales = np.random.randint(0, 500)
        data.append([date, sales])
        date += timedelta(days=1)
    df = pd.DataFrame(data, columns=['Date', 'Sales'])
    ax = df.plot(x='Date', y='Sales')
    ax.set_ylabel('Sales')
    return (df, ax)","### Buggy Python Code
import numpy as np
import pandas as pd
from datetime import datetime, timedelta

def task_func(start_date, end_date, seed=42):
    np.random.seed(seed)
    data = []
    date = start_date
    while date <= end_date:
        sales = np.random.randint(0, 500)
        data.append([date, sales])
        date += timedelta(days=1)
    df = pd.DataFrame(data, columns=['Date', 'Sales'])
    ax = df.values.plot(x='Date', y='Sales')
    ax.set_ylabel('Sales')
    return (df, ax)

### Corrected Python Code
import numpy as np
import pandas as pd
from datetime import datetime, timedelta

def task_func(start_date, end_date, seed=42):
    np.random.seed(seed)
    data = []
    date = start_date
    while date <= end_date:
        sales = np.random.randint(0, 500)
        data.append([date, sales])
        date += timedelta(days=1)
    df = pd.DataFrame(data, columns=['Date', 'Sales'])
    ax = df.plot(x='Date', y='Sales')
    ax.set_ylabel('Sales')
    return (df, ax)

if __name__ == '__main__':
    start_date = datetime(2020, 1, 1)
    end_date = datetime(2020, 12, 31)
    df, ax = task_func(start_date, end_date)
    print(df)
    print(ax)/README.md
# Data Science with Python - Day 10 - Data Visualization with Matplotlib

## Description
This repository contains the code for the Data Science with Python - Day 10 - Data Visualization with Matplotlib module. The code is written in Python 3.7.4.

## Contents
- [Data Science with Python - Day 10 - Data Visualization with Matplotlib](#data-science-with-python---day-10---data-visualization-with-matplotlib)
  - [Description](#description)
  - [Contents](#contents)
  - [Installation](#installation)
  - [Usage](#usage)
  - [License](#license)
  - [Author](#author)

## Installation
To install the package, run the following command:
```bash
pip install data-science-with-python-day-10-data-visualization-with-matplotlib
```

## Usage
To use the package, run the following code:
```python
from data_science_with_python_day_10_data_visualization_with_matplotlib import task_func
start_date = datetime(2020, 1, 1)
end_date = datetime(2020, 12, 31)
df, ax = task_func(start_date, end_date)"
,nan,"### Buggy Python Code


### Corrected Python Code
class Test_get_all_users(unittest.TestCase):

    def test_get_all_users(self):
        response = self.client.get('/api/users/')
        self.assertEqual(response.status_code, 200)
        self.assertEqual(len(response.json()), 1)
        self.assertEqual(response.json()[0]['username'], 'admin')
        self.assertEqual(response.json()[0]['email'], '')
        self.assertEqual(response.json()[0]['first_name'], 'Admin')
        self.assertEqual(response.json()[0]['last_name'], 'Admin')
        self.assertEqual(response.json()[0]['is_staff'], True)
        self.assertEqual(response.json()[0]['is_superuser'], True)
        self.assertEqual(response.json()[0]['is_active'], True)
        self.assertEqual(response.json()[0]['groups'], [])
        self.assertEqual(response.json()[0]['user_permissions'], [])
        self.assertEqual(response.json()[0]['last_login'], None)
        self.assertEqual(response.json()[0]['date_joined'], '2019-01-01T00:00:00Z')
        self.assertEqual(response.json()[0]['password'], 'pbkdf2_sha256$150000$a665a9905315$c8756966aa74de0f254c24e11f14096a')
        self.assertEqual(response.json()[0]['groups'], [])
        self.assertEqual(response.json()[0]['user_permissions'], [])
        self.assertEqual(response.json()[0]['last_login'], None)
        self.assertEqual(response.json()[0]['date_joined'], '2019-01-01T00:00:00Z')
        self.assertEqual(response.json()[0]['password'], 'pbkdf2_sha256$150000$a665a9905315$c8756966aa74de0f254c24e11f14096a')
        self.assertEqual(response."
"if not module.forcelocal:
    module.local = False","if not hasattr(module, 'forcelocal') or not module.forcelocal:
    module.local = False","### Buggy Python Code
if not module.forcelocal:
    module.local = False

### Corrected Python Code
if not module.forcelocal and module.local:
    module.local = False

### Corrected Python code
if not module.forcelocal and module.local:
    module.local = False
else:
    module.local = True

### Corrected Python code
if not module.forcelocal and module.local:
    module.local = False
else:
    module.local = True

### Corrected Python code
if not module.forcelocal and module.local:
    module.local = False
else:
    module.local = True if module.local else False

### Corrected Python code
if not module.forcelocal and module.local:
    module.local = False
else:
    module.local = True if module.local else False

### Corrected Python code
if not module.forcelocal and module.local:
    module.local = False
else:
    module.local = True if module.local else False if module.forcelocal else False

### Corrected Python code
if not module.forcelocal and module.local:
    module.local = False
else:
    module.local = True if module.local else False if module.forcelocal else True

### Corrected Python code
if not module.forcelocal and module.local:
    module.local = False
else:
    module.local = True if module.local else False if module.forcelocal else True if module.local else False

### Corrected Python code
if not module.forcelocal and module.local:
    module.local = False
else:
    module.local = True if module.local else False if module.forcelocal else True if module.local else False if module.forcelocal else False

### Corrected Python code
if not module.forcelocal and module.local:
    module.local = False
else:
    module.local = True if module.local else False if module.forcelocal else True if module.local else False if module.forcelocal else True if module.local else False if module.forcelocal else False if module.local else False if module.forcelocal else False if module.local else False if module.forcelocal else False if module.local else False if module.forcelocal else False if module.local else False if module.forcelocal else False if module.local else False if module.forcelocal else False if module"
"class Solution:

    def findKOr(self, nums: List[int], k: int) -> int:
        for i in range(32):
            cnt = sum((x >> i & 1 for x in nums))
            if cnt > k:
                ans |= 1 << i
        return ans","class Solution:

    def findKOr(self, nums: List[int], k: int) -> int:
        ans = 0
        for i in range(32):
            cnt = sum((x >> i & 1 for x in nums))
            if cnt >= k:
                ans |= 1 << i
        return ans","### Buggy Python Code
class Solution:

    def findKOr(self, nums: List[int], k: int) -> int:
        for i in range(32):
            cnt = sum((x >> i & 1 for x in nums))
            if cnt > k:
                ans |= 1 << i
        return ans

### Corrected Python Code
class Solution:

    def findKOr(self, nums: List[int], k: int) -> int:
        ans = 0
        for i in range(32):
            cnt = sum((x >> i & 1 for x in nums))
            if cnt >= k:
                ans |= 1 << i
        return ans
/1000/1000-1010/1009.py
class Solution:

    def findKthBit(self, n: int, k: int) -> int:
        return (n >> k & 1) ^ 1 ^ (n >> k & 1) ^ 1 ^ (n >> k & 1) ^ 1 ^ (n >> k & 1) ^ 1 ^ (n >> k & 1) ^ 1 ^ (n >> k & 1) ^ 1 ^ (n >> k & 1) ^ 1 ^ (n >> k & 1) ^ 1 ^ (n >> k & 1) ^ 1 ^ (n >> k & 1) ^ 1 ^ (n >> k & 1) ^ 1 ^ (n >> k & 1) ^ 1 ^ (n >> k & 1) ^ 1 ^ (n >> k & 1) ^ 1 ^ (n >> k & 1) ^ 1 ^ (n >> k & 1) ^ 1 ^ (n >> k & 1) ^ 1 ^ (n >> k & 1) ^ 1 ^ (n >> k & 1) ^ 1 ^ (n >> k & 1) ^ 1 ^ (n >> k & 1) ^ 1 ^ (n >> k & 1) ^ 1 ^ (n >> k & 1) ^ 1 ^ (n >> k & 1) ^ 1 ^ (n >> k & 1) ^ 1 ^ (n >> k & 1) ^ 1 ^ (n >> k & 1) ^ 1 ^ (n >> k & 1) ^ 1 ^ (n >> k & 1) ^ 1 ^ (n >> k & 1) ^ 1 ^ (n >> k & 1) ^ 1 ^ (n >> k & 1) ^ 1 ^ (n >> k & 1)"
"exs = [(uid, fn_lines[l].strip().split('\t')) for l in lines]","exs = [(f'{fn}:{l}', fn_lines[l].strip().split('\t')) for l in lines]","### Buggy Python Code
exs = [(uid, fn_lines[l].strip().split('\t')) for l in lines]

### Corrected Python Code
exs = [(uid, fn_lines[l].strip().split('\t')) for l in lines if fn_lines[l].strip()]

return exs, fn_lines[lines[-1] + 1:] if len(lines) > 1 else fn_lines[lines[-1] + 1:] + [''] * (max_lines - len(lines)) if max_lines > len(lines) else [] * (max_lines - len(lines)) + fn_lines[lines[-1] + 1:] + [''] * (max_lines - len(lines)) if max_lines > len(lines) else [] * (max_lines - len(lines)) + fn_lines[lines[-1] + 1:] + [''] * (max_lines - len(lines)) if max_lines > len(lines) else [] * (max_lines - len(lines)) + fn_lines[lines[-1] + 1:] + [''] * (max_lines - len(lines)) if max_lines > len(lines) else [] * (max_lines - len(lines)) + fn_lines[lines[-1] + 1:] + [''] * (max_lines - len(lines)) if max_lines > len(lines) else [] * (max_lines - len(lines)) + fn_lines[lines[-1] + 1:] + [''] * (max_lines - len(lines)) if max_lines > len(lines) else [] * (max_lines - len(lines)) + fn_lines[lines[-1] + 1:] + [''] * (max_lines - len(lines)) if max_lines > len(lines) else [] * (max_lines - len(lines)) + fn_lines[lines[-1] + 1:] + [''] * (max_lines - len(lines)) if max_lines > len(lines) else [] * (max_lines - len(lines)) + fn_lines[lines[-1] + 1:] + [''] * (max_lines - len(lines)) if max_lines > len(lines) else [] * (max_lines - len(lines)) + fn_lines[lines[-1] + 1:] + [''] * (max_lines - len(lines)) if max_lines > len"
"np.testing.assert_allclose(base_output, wn_output)","np.testing.assert_allclose(base_output, wn_output, rtol=1e-06, atol=1e-06)","### Buggy Python Code
np.testing.assert_allclose(base_output, wn_output)

### Corrected Python Code
np.testing.assert_allclose(base_output, wn_output, atol=1e-05)  # 1e-05 is the default atol for assert_allclose in numpy.testing.assert_allclose() in numpy 1.10.0.dev0+106.g116886c.dirty.d20160125.100000-0500.

### Corrected Python code
np.testing.assert_allclose(base_output, wn_output, atol=1e-05)  # 1e-05 is the default atol for assert_allclose in numpy.testing.assert_allclose() in numpy 1.10.0.dev0+106.g116886c.dirty.d20160125.100000-0500.
np.testing.assert_allclose(base_output, wn_output, atol=1e-05)  # 1e-05 is the default atol for assert_allclose in numpy.testing.assert_allclose() in numpy 1.10.0.dev0+106.g116886c.dirty.d20160125.100000-0500.
np.testing.assert_allclose(base_output, wn_output, atol=1e-05)  # 1e-05 is the default atol for assert_allclose in numpy.testing.assert_allclose() in numpy 1.10.0.dev0+106.g116886c.dirty.d20160125.100000-0500.
np.testing.assert_allclose(base_output, wn_output, atol=1e-05)  # 1e-05 is the default atol for assert_allclose in numpy.testing.assert_allclose() in numpy 1.10.0.dev0+106.g116886c.dirty.d20160125.100000-0500."
"(nn.Conv2d(in_channels=mult[2], out_channels=mult[2], kernel_size=3, stride=2, padding=1),)","(nn.Conv2d(in_channels=mult[2], out_channels=mult[2], kernel_size=3, stride=1, padding=0),)","### Buggy Python Code
(nn.Conv2d(in_channels=mult[2], out_channels=mult[2], kernel_size=3, stride=2, padding=1),)

### Corrected Python Code
(nn.Conv2d(in_channels=mult[2], out_channels=mult[2], kernel_size=3, stride=2, padding=1),) + nn.BatchNorm2d(mult[2]),) + nn.ReLU() +)

### Corrected Python Code
(nn.Conv2d(in_channels=mult[2], out_channels=mult[2], kernel_size=3, stride=2, padding=1),) + nn.BatchNorm2d(mult[2]),) + nn.ReLU() +) +)

### Corrected Python Code
(nn.Conv2d(in_channels=mult[2], out_channels=mult[2], kernel_size=3, stride=2, padding=1),) + nn.BatchNorm2d(mult[2]),) + nn.ReLU() +) +) +) +) +) +) +) +) +) +) +) +) +) +) +) +) +) +) +) +) +) +) +) +) +) +) +) +) +) +) +) +) +) +) +) +) +) +) +) +) +) +) +) +) +) +) +) +) +) +) +) +) +) +) +) +) +) +) +) +) +) +) +) +) +) +) +) +) +) +) +) +) +) +) +) +) +) +) +) +) +) +) +) +) +) +) +) +) +) +) +) +) +) +) +) +) +) +) +) +) +) +) +) +) +) +) +) +) +) +) +) +) +) +) +) +) +) +) +) +) +) +) +) +) +) +) +) +) +) +) +) +) +) +) +) +) +) +) +) +) +) +) +) +) +) +) +) +) +) +) +) +) +) +) +) +) +) +) +) +) +) +) +"
"from django.http import HttpResponse
import uuid

def task_func(data):
    response = HttpResponse(data, content_type='application/json')
    request_uuid = uuid.uuid()
    response['UUID'] = str(request_uuid)
    return response","from django.http import HttpResponse
import uuid

def task_func(data):
    response = HttpResponse(data, content_type='application/json')
    request_uuid = uuid.uuid4()
    response['UUID'] = str(request_uuid)
    return response","### Buggy Python Code
from django.http import HttpResponse
import uuid

def task_func(data):
    response = HttpResponse(data, content_type='application/json')
    request_uuid = uuid.uuid()
    response['UUID'] = str(request_uuid)
    return response

### Corrected Python Code
from django.http import HttpResponse
import uuid

def task_func(data):
    response = HttpResponse(data, content_type='application/json')
    request_uuid = uuid.uuid4()
    response['UUID'] = str(request_uuid)
    return response
/django_rest_api/api/views.py
from django.http import HttpResponse
import uuid

def task_func(data):
    response = HttpResponse(data, content_type='application/json')
    request_uuid = uuid.uuid4()
    response['UUID'] = str(request_uuid)
    return response"
"class Solution:

    def maximumPoints(self, enemyEnergies: List[int], currentEnergy: int) -> int:
        enemyEnergies = sorted(enemyEnergies, reverse=True)
        if currentEnergy < enemyEnergies[0]:
            return 0
        ans = 0
        for i in range(len(enemyEnergies) - 1, -1, -1):
            if ans == 0 and currentEnergy < enemyEnergies[i]:
                continue
            ans += currentEnergy // enemyEnergies[0]
            currentEnergy %= enemyEnergies[0]
            currentEnergy += enemyEnergies[i]
        return ans + currentEnergy // enemyEnergies[0]","class Solution:

    def maximumPoints(self, enemyEnergies: List[int], currentEnergy: int) -> int:
        enemyEnergies.sort()
        if currentEnergy < enemyEnergies[0]:
            return 0
        ans = 0
        for i in range(len(enemyEnergies) - 1, -1, -1):
            ans += currentEnergy // enemyEnergies[0]
            currentEnergy %= enemyEnergies[0]
            currentEnergy += enemyEnergies[i]
        return ans","(len(enemyEnergies) - 1, -1, -1):
            if ans == 0 and currentEnergy < enemyEnergies[i]:
                continue
            ans += currentEnergy // enemyEnergies[0]
            currentEnergy %= enemyEnergies[0]
            currentEnergy += enemyEnergies[i]
        return ans + currentEnergy // enemyEnergies[0]

### Corrected Python Code
class Solution:

    def maximumPoints(self, enemyEnergies: List[int], currentEnergy: int) -> int:
        enemyEnergies.sort(reverse=True)
        if currentEnergy < enemyEnergies[0]:
            return 0
        ans = 0
        for i in range(len(enemyEnergies) - 1, -1, -1):
            if ans == 0 and currentEnergy < enemyEnergies[i]:
                break
            ans += currentEnergy // enemyEnergies[0]
            currentEnergy %= enemyEnergies[0]
            currentEnergy += enemyEnergies[i]
        return ans + currentEnergy // enemyEnergies[0] + (1 if currentEnergy % enemyEnergies[0] else 0) - 1

### Corrected Python
class Solution:

    def maximumPoints(self, enemyEnergies: List[int], currentEnergy: int) -> int:
        enemyEnergies.sort(reverse=True)
        if currentEnergy < enemyEnergies[0]:
            return 0
        ans = 0
        for i in range(len(enemyEnergies) - 1, -1, -1):
            if ans == 0 and currentEnergy < enemyEnergies[i]:
                break
            ans += currentEnergy // enemyEnergies[0]
            currentEnergy %= enemyEnergies[0]
            currentEnergy += enemyEnergies[i]
        return ans + currentEnergy // enemyEnergies[0] + (1 if currentEnergy % enemyEnergies[0] else 0) - 1 if enemyEnergies[0] > 1 else ans + currentEnergy // enemyEnergies[0] + (1 if currentEnergy % enemyEnergies[0] else 0) - 1 if enemyEnergies[0] > 1 else ans + currentEnergy // enemyEnergies[0] + (1 if currentEnergy % enemyEnergies[0] else 0) - 1 if enemyEnergies[0] > 1 else ans + currentEnergy // enemyEnergies[0] + (1 if currentEnergy % enemyEnergies[0] else 0) - 1 if enemyEnergies[0] > 1 else ans + currentEnergy // enemyEnergies[0]"
"move_id = move_obj.create(cr, uid, {'journal_id': data.property_stock_journal.id})","move_id = move_obj.create(cr, uid, {'journal_id': data.categ_id.property_stock_journal.id})","### Buggy Python Code
move_id = move_obj.create(cr, uid, {'journal_id': data.property_stock_journal.id})

### Corrected Python Code
move_id = move_obj.create(cr, uid, {'journal_id': data.property_stock_journal.id, 'date': data.date})

### Corrected Python Code
move_id = move_obj.create(cr, uid, {'journal_id': data.property_stock_journal.id, 'date': data.date})

for line in data.line_ids:
    move_line_obj.create(cr, uid, {'move_id': move_id, 'product_id': line.product_id.id, 'quantity': line.quantity, 'price_unit': line.price_unit})
    move_obj.write(cr, uid, [move_id], {'state': 'draft'})
    move_obj.action_confirm(cr, uid, [move_id])
    move_obj.action_done(cr, uid, [move_id])
    move_obj.write(cr, uid, [move_id], {'state': 'done'})
    move_obj.button_cancel(cr, uid, [move_id])
    move_obj.button_confirm(cr, uid, [move_id])
    move_obj.action_done(cr, uid, [move_id])
    move_obj.write(cr, uid, [move_id], {'state': 'done'})
    move_obj.button_cancel(cr, uid, [move_id])
    move_obj.button_confirm(cr, uid, [move_id])
    move_obj.action_done(cr, uid, [move_id])
    move_obj.write(cr, uid, [move_id], {'state': 'done'})
    move_obj.button_cancel(cr, uid, [move_id])
    move_obj.button_confirm(cr, uid, [move_id])
    move_obj.action_done(cr, uid, [move_id])
    move_obj.write(cr, uid, [move_id], {'state': 'done'})
    move_obj.button_cancel(cr, uid, [move_id])
    move_obj.button_confirm(cr, uid, [move_id])
    move_obj.action_done(cr, uid, [move_id])
    move_obj.write"
"class Solution:

    def numberOfStableArrays(self, zero: int, one: int, limit: int) -> int:

        @cache
        def dfs(i: int, j: int, k: int) -> int:
            if i == 0:
                return int(k == 1 and j <= limit)
            if j == 0:
                return int(k == 0 and i <= limit)
            if k == 0:
                return dfs(i - 1, j, 0) + dfs(i - 1, j, 1) - (0 if i - limit - 1 < 0 else dfs(i - limit - 1, j, 1))
            return dfs(i, j - 1, 0) + dfs(i, j - 1, 1) - (0 if j - limit - 1 < 0 else dfs(i, j - limit - 1, 0))
        mod = 10 ** 9 + 7
        ans = (dfs(zero, one, 0) + dfs(zero, one, 1)) % mod
        dfs.clear_cache()
        return ans","class Solution:

    def numberOfStableArrays(self, zero: int, one: int, limit: int) -> int:

        @cache
        def dfs(i: int, j: int, k: int) -> int:
            if i == 0:
                return int(k == 1 and j <= limit)
            if j == 0:
                return int(k == 0 and i <= limit)
            if k == 0:
                return dfs(i - 1, j, 0) + dfs(i - 1, j, 1) - (0 if i - limit - 1 < 0 else dfs(i - limit - 1, j, 1))
            return dfs(i, j - 1, 0) + dfs(i, j - 1, 1) - (0 if j - limit - 1 < 0 else dfs(i, j - limit - 1, 0))
        mod = 10 ** 9 + 7
        ans = (dfs(zero, one, 0) + dfs(zero, one, 1)) % mod
        dfs.cache_clear()
        return ans","class Solution:

    def numberOfStableArrays(self, zero: int, one: int, limit: int) -> int:

        @cache
        def dfs(i: int, j: int, k: int) -> int:
            if i == 0:
                return int(k == 1 and j <= limit)
            if j == 0:
                return int(k == 0 and i <= limit)
            if k == 0:
                return dfs(i - 1, j, 0) + dfs(i - 1, j, 1) - (0 if i - limit - 1 < 0 else dfs(i - limit - 1, j, 1))
            return dfs(i, j - 1, 0) + dfs(i, j - 1, 1) - (0 if j - limit - 1 < 0 else dfs(i, j - limit - 1, 0))
        mod = 10 ** 9 + 7
        ans = (dfs(zero, one, 0) + dfs(zero, one, 1)) % mod
        dfs.cache_clear()
        return ans % mod

### Corrected Python class Solution:

    def numberOfStableArrays(self, zero: int, one: int, limit: int) -> int:

        @cache
        def dfs(i: int, j: int, k: int) -> int:
            if i == 0:
                return int(k == 1 and j <= limit)
            if j == 0:
                return int(k == 0 and i <= limit)
            if k == 0:
                return dfs(i - 1, j, 0) + dfs(i - 1, j, 1) - (0 if i - limit - 1 < 0 else dfs(i - limit - 1, j, 1))
            return dfs(i, j - 1, 0) + dfs(i, j - 1, 1) - (0 if j - limit - 1 < 0 else dfs(i, j - limit - 1, 0))
        mod = 10 ** 9 + 7
        ans = (dfs(zero, one, 0) + dfs(zero, one, 1)) % mod
        dfs.cache_clear()
        return ans"
"webqq = Client(int(sys.argv[1]), sys.argv[2], True)","webqq = Client(int(sys.argv[1]), sys.argv[2])","### Buggy Python Code
webqq = Client(int(sys.argv[1]), sys.argv[2], True)

### Corrected Python Code
webqq = Client(int(sys.argv[1]), sys.argv[2], True, '127.0.0.1') if len(sys.argv) == 4 else Client(int(sys.argv[1]), sys.argv[2], True)

### Corrected Python Code
webqq = Client(int(sys.argv[1]), sys.argv[2], True, '127.0.0.1') if len(sys.argv) == 4 else Client(int(sys.argv[1]), sys.argv[2], True) if len(sys.argv) == 3 else Client(int(sys.argv[1]), sys.argv[2], True) if len(sys.argv) == 2 else Client(int(sys.argv[1]), sys.argv[2], True) if len(sys.argv) == 1 else Client(int(sys.argv[1]), sys.argv[2], True) if len(sys.argv) == 4 else Client(int(sys.argv[1]), sys.argv[2], True) if len(sys.argv) == 3 else Client(int(sys.argv[1]), sys.argv[2], True) if len(sys.argv) == 2 else Client(int(sys.argv[1]), sys.argv[2], True) if len(sys.argv) == 1 else Client(int(sys.argv[1]), sys.argv[2], True) if len(sys.argv) == 4 else Client(int(sys.argv[1]), sys.argv[2], True) if len(sys.argv) == 3 else Client(int(sys.argv[1]), sys.argv[2], True) if len(sys.argv) == 2 else Client(int(sys.argv[1]), sys.argv[2], True) if len(sys.argv) == 1 else Client(int(sys.argv[1]), sys.argv[2], True) if len(sys.argv) == 4 else Client(int(sys.argv[1]), sys.argv[2], True) if len(sys.argv) == 3 else Client(int(sys.argv[1]), sys.argv[2], True) if len(sys."
"max_idevice_id = max(map(lambda x: int(x), idevice_ids))","max_idevice_id = 0 if not idevice_ids else max(map(lambda x: int(x), idevice_ids))","### Buggy Python Code
max_idevice_id = max(map(lambda x: int(x), idevice_ids))

### Corrected Python Code
max_idevice_id = max(map(lambda x: int(x), idevice_ids)) if idevice_ids else 0

return max_idevice_id + 1 if max_idevice_id < 1000000000 else 0, max_idevice_id + 1 if max_idevice_id < 1000000000 else 0, max_idevice_id + 1 if max_idevice_id < 1000000000 else 0, max_idevice_id + 1 if max_idevice_id < 1000000000 else 0, max_idevice_id + 1 if max_idevice_id < 1000000000 else 0, max_idevice_id + 1 if max_idevice_id < 1000000000 else 0, max_idevice_id + 1 if max_idevice_id < 1000000000 else 0, max_idevice_id + 1 if max_idevice_id < 1000000000 else 0, max_idevice_id + 1 if max_idevice_id < 1000000000 else 0, max_idevice_id + 1 if max_idevice_id < 1000000000 else 0, max_idevice_id + 1 if max_idevice_id < 1000000000 else 0, max_idevice_id + 1 if max_idevice_id < 1000000000 else 0, max_idevice_id + 1 if max_idevice_id < 1000000000 else 0, max_idevice_id + 1 if max_idevice_id < 1000000000 else 0, max_idevice_id + 1 if max_idevice_id < 1000000000 else"
"class Solution:

    def countCompleteDayPairs(self, hours: List[int]) -> int:
        cnt = Counter()
        ans = 0
        for x in hours:
            ans += cnt[(24 - x % 24) % 24]
            cnt[x % 24] = cnt[x % 24] or 1
        return ans","class Solution:

    def countCompleteDayPairs(self, hours: List[int]) -> int:
        cnt = Counter()
        ans = 0
        for x in hours:
            ans += cnt[(24 - x % 24) % 24]
            cnt[x % 24] += 1
        return ans","### Buggy Python Code
class Solution:

    def countCompleteDayPairs(self, hours: List[int]) -> int:
        cnt = Counter()
        ans = 0
        for x in hours:
            ans += cnt[(24 - x % 24) % 24]
            cnt[x % 24] = cnt[x % 24] or 1
        return ans

### Corrected Python Code
class Solution:

    def countCompleteDayPairs(self, hours: List[int]) -> int:
        cnt = Counter()
        ans = 0
        for x in hours:
            ans += cnt[(24 - x % 24) % 24]
            cnt[x % 24] += 1
        return ans // 2

### Corrected Python
class Solution:

    def countCompleteDayPairs(self, hours: List[int]) -> int:
        cnt = Counter()
        ans = 0
        for x in hours:
            ans += cnt[(24 - x % 24) % 24]
            cnt[x % 24] += 1
        return ans // 2 + ans % 2
/1209. Remove All Occurrences of a Given Character/1209. Remove All Occurrences of a Given Character.py
class Solution:

    def removeAllOccurrences(self, s: str, c: str) -> str:
        ans = ''
        for x in s:
            if x!= c:
                ans += x
        return ans

### Corrected Python
class Solution:

    def removeAllOccurrences(self, s: str, c: str) -> str:
        ans = ''
        for x in s:
            if x!= c:
                ans += x
        return ans or''
/1209. Remove All Occurrences of a Given Character/1209. Remove All Occurrences of a Given Character.cpp
class Solution {

public:

    string removeAllOccurrences(string s, char c) {
        string ans = '';
        for (auto x : s) {
            if (x!= c) {
                ans += x;
            }
        }
        return ans;
    }
};
/1209. Remove All Occurrences of a Given Character/1209. Remove All Occurrences of a Given Character.py
class Solution:

    def removeAllOccurrences(self, s: str, c: str) -> str:
        ans = ''
        for x in s:
            if x!= c:
                ans += x
        return ans or''

### Corrected Python
class Solution:

    def removeAllOccurrences(self, s: str, c: str) -> str:
        ans = ''
        for x in s:
            if"
"import numpy as np
import scipy.stats as stats
import matplotlib.pyplot as plt
import random
from matplotlib.axes import Axes

class ValueObject:
    value = 0

    def __init__(self, mu=0, std=1, seed=77):
        random.seed(seed)
        self.value = random.gauss(mu, std)

def task_func(obj_list) -> Axes:
    if obj_list == [] is True:
        values = [0]
    else:
        values = [obj.value for obj in obj_list]
    ax = plt.subplots()
    ax.hist(values, bins=30, density=True, alpha=0.6, color='g')
    mean = np.mean(values)
    std = np.std(values, ddof=1)
    xmin, xmax = plt.xlim()
    x = np.linspace(xmin, xmax, 100)
    p = stats.norm.pdf(x, mean, std)
    ax.plot(x, p, 'k', linewidth=2)
    title = 'Fit results: mu = %.2f,  std = %.2f' % (mean, std)
    ax.set_title(title, withdash=False)
    plt.close(fig)
    return ax","import numpy as np
import scipy.stats as stats
import matplotlib.pyplot as plt
import random
from matplotlib.axes import Axes

class ValueObject:
    value = 0

    def __init__(self, mu=0, std=1, seed=77):
        random.seed(seed)
        self.value = random.gauss(mu, std)

def task_func(obj_list) -> Axes:
    if len(obj_list) == 0:
        values = [0]
    else:
        values = [obj.value for obj in obj_list]
    fig, ax = plt.subplots()
    ax.hist(values, bins=30, density=True, alpha=0.6, color='g')
    mean = np.mean(values)
    std = np.std(values)
    xmin, xmax = plt.xlim()
    x = np.linspace(xmin, xmax, 100)
    p = stats.norm.pdf(x, mean, std)
    ax.plot(x, p, 'k', linewidth=2)
    title = 'Fit results: mu = %.2f,  std = %.2f' % (mean, std)
    ax.set_title(title)
    plt.close(fig)
    return ax","values = [0]
    else:
        values = [obj.value for obj in obj_list]
    ax = plt.subplots()
    ax.hist(values, bins=30, density=True, alpha=0.6, color='g')
    mean = np.mean(values)
    std = np.std(values, ddof=1)
    xmin, xmax = plt.xlim()
    x = np.linspace(xmin, xmax, 100)
    p = stats.norm.pdf(x, mean, std)
    ax.plot(x, p, 'k', linewidth=2)
    title = 'Fit results: mu = %.2f,  std = %.2f' % (mean, std)
    ax.set_title(title, withdash=False)
    plt.close(fig)
    return ax

### Corrected Python Code
import numpy as np
import scipy.stats as stats
import matplotlib.pyplot as plt
import random
from matplotlib.axes import Axes

class ValueObject:
    value = 0

    def __init__(self, mu=0, std=1, seed=77):
        random.seed(seed)
        self.value = random.gauss(mu, std)

def task_func(obj_list) -> Axes:
    if len(obj_list) == 0:
        values = [0]
    else:
        values = [obj.value for obj in obj_list]
    fig, ax = plt.subplots()
    ax.hist(values, bins=30, density=True, alpha=0.6, color='g')
    mean = np.mean(values)
    std = np.std(values)
    xmin, xmax = plt.xlim()
    x = np.linspace(xmin, xmax, 100)
    p = stats.norm.pdf(x, mean, std)
    ax.plot(x, p, 'k', linewidth=2)
    title = 'Fit results: mu = %.2f,  std = %.2f' % (mean, std)
    ax.set_title(title)
    plt.close(fig)
    return ax

### Corrected Python
import numpy as np
import scipy.stats as stats
import matplotlib.pyplot as plt
import random
from matplotlib.axes import Axes

class ValueObject:
    value = 0

    def __init__(self, mu=0, std=1, seed=77):
        random.seed(seed)
        self.value = random.gauss(mu, std)

def task_func(obj_list) -> Axes:
    if len(obj_list) == 0:
        values = [0]
    else:
        values = [obj.value for obj in obj_list]
    fig, ax = plt.subplots()
    ax.hist(values, bins=30, density=True, alpha=0.6, color='g')
    mean = np.mean(values)
    std = np.std(values)
    xmin, xmax = plt.xlim()
    x = np.linspace(xmin, xmax, 100)
    p = stats.norm.pdf(x, mean,"
"class Solution:

    def maxOperations(self, nums: List[int]) -> int:
        nums.sort()
        s = nums[0] + nums[1]
        ans, n = (0, len(nums))
        for i in range(0, n, 2):
            if i + 2 >= n or nums[i] + nums[i + 1] != s:
                break
            ans += 1
        return ans.value()","class Solution:

    def maxOperations(self, nums: List[int]) -> int:
        s = nums[0] + nums[1]
        ans, n = (0, len(nums))
        for i in range(0, n, 2):
            if i + 1 == n or nums[i] + nums[i + 1] != s:
                break
            ans += 1
        return ans","### Buggy Python Code
class Solution:

    def maxOperations(self, nums: List[int]) -> int:
        nums.sort()
        s = nums[0] + nums[1]
        ans, n = (0, len(nums))
        for i in range(0, n, 2):
            if i + 2 >= n or nums[i] + nums[i + 1]!= s:
                break
            ans += 1
        return ans.value()

### Corrected Python Code
class Solution:

    def maxOperations(self, nums: List[int]) -> int:
        nums.sort()
        s = nums[0] + nums[1]
        ans, n = (0, len(nums))
        for i in range(0, n, 2):
            if i + 2 >= n or nums[i] + nums[i + 1]!= s:
                break
            ans += 1
        return ans

### Corrected Python
class Solution:

    def maxOperations(self, nums: List[int]) -> int:
        nums.sort()
        s = nums[0] + nums[1]
        ans, n = (0, len(nums))
        for i in range(0, n, 2):
            if i + 2 >= n or nums[i] + nums[i + 1]!= s:
                break
            ans += 1
        return ans // 2
/1400-1499/1408. String Matching in an Array/1408. String Matching in an Array.py
class Solution:

    def maxOperations(self, nums: List[int]) -> int:
        nums.sort()
        s = nums[0] + nums[1]
        ans, n = (0, len(nums))
        for i in range(0, n, 2):
            if i + 2 >= n or nums[i] + nums[i + 1]!= s:
                break
            ans += 1
        return ans // 2
/1400-1499/1408. String Matching in an Array/1408. String Matching in an Array.cpp
class Solution {

public:

    int maxOperations(vector<int>& nums) {
        sort(nums.begin(), nums.end());
        s = nums[0] + nums[1];
        ans, n = (0, nums.size());
        for i in range(0, n, 2):
            if i + 2 >= n or nums[i] + nums[i + 1]!= s:
                break
            ans += 1
        return ans // 2
    }
private:
    int s;
    int ans, n;
};
/1400-1499/14"
"(Column('status', types.SmallInteger(0), nullable=False),)","(Column('status', types.SmallInteger(), nullable=False),)","### Buggy Python Code
(Column('status', types.SmallInteger(0), nullable=False),)

### Corrected Python Code
(Column('status', types.SmallInteger(0), nullable=False, default=0),)
/src/pyramid_sqlalchemy/tests/test_pyramid_sqlalchemy.py
import unittest
from pyramid_sqlalchemy.tests import BaseTestCase, BaseModel, BaseModel2, BaseModel3, BaseModel4, BaseModel5, BaseModel6, BaseModel7, BaseModel8, BaseModel9, BaseModel10, BaseModel11, BaseModel12, BaseModel13, BaseModel14, BaseModel15, BaseModel16, BaseModel17, BaseModel18, BaseModel19, BaseModel20, BaseModel21, BaseModel22, BaseModel23, BaseModel24, BaseModel25, BaseModel26, BaseModel27, BaseModel28, BaseModel29, BaseModel30, BaseModel31, BaseModel32, BaseModel33, BaseModel34, BaseModel35, BaseModel36, BaseModel37, BaseModel38, BaseModel39, BaseModel40, BaseModel41, BaseModel42, BaseModel43, BaseModel44, BaseModel45, BaseModel46, BaseModel47, BaseModel48, BaseModel49, BaseModel50, BaseModel51, BaseModel52, BaseModel53, BaseModel54, BaseModel55, BaseModel56, BaseModel57, BaseModel58, BaseModel59, BaseModel60, BaseModel61, BaseModel62, BaseModel63, BaseModel64, BaseModel65, BaseModel66, BaseModel67, BaseModel68, BaseModel69, BaseModel70, BaseModel71, BaseModel72, BaseModel73, BaseModel74, BaseModel75, BaseModel76, BaseModel77, BaseModel78, BaseModel79, BaseModel80, BaseModel81, BaseModel82, BaseModel83, BaseModel84, BaseModel85, BaseModel86, BaseModel87, BaseModel88, BaseModel89, BaseModel90, BaseModel91, BaseModel92, BaseModel93, Base"
new_hyp_scores[idx] = copy.copy(costs[ti]),new_hyp_scores[idx] = copy.copy(costs[idx]),"### Buggy Python Code
new_hyp_scores[idx] = copy.copy(costs[ti])

### Corrected Python Code
new_hyp_scores[idx] = copy.deepcopy(costs[ti])

return new_hyp_scores, new_scores, new_confidences, new_labels, new_indices, new_conf_scores, new_conf_indices, new_conf_labels, new_conf_indices_to_conf_scores, new_conf_labels_to_conf_scores, new_conf_indices_to_conf_labels, new_conf_scores_to_conf_indices, new_conf_labels_to_conf_scores, new_conf_indices_to_conf_labels, new_conf_scores_to_conf_indices, new_conf_labels_to_conf_scores, new_conf_indices_to_conf_labels, new_conf_scores_to_conf_indices, new_conf_labels_to_conf_scores, new_conf_indices_to_conf_labels, new_conf_scores_to_conf_indices, new_conf_labels_to_conf_scores, new_conf_indices_to_conf_labels, new_conf_scores_to_conf_indices, new_conf_labels_to_conf_scores, new_conf_indices_to_conf_labels, new_conf_scores_to_conf_indices, new_conf_labels_to_conf_scores, new_conf_indices_to_conf_labels, new_conf_scores_to_conf_indices, new_conf_labels_to_conf_scores, new_conf_indices_to_conf_labels, new_conf_scores_to_conf_indices, new_conf_labels_to_conf_scores, new_conf_indices_to_conf_labels, new_conf_scores_to_conf_indices, new_conf_labels_to_conf_scores, new_conf_indices_to_conf_labels, new_conf_scores_to_conf_indices, new_conf_labels_to_conf_scores, new_conf_indices_to_conf_labels, new_conf_scores_to_conf_indices, new_conf_labels_to_conf_scores, new_conf_indices_to_conf_labels, new_conf_scores_to_conf_indices, new_conf_labels_"
"procbutton = ProcessButton(frame, 'Process', field1, field2, 2)","procbutton = ProcessButton(frame, 'Process File', field1, field2, 2)","### Buggy Python Code
procbutton = ProcessButton(frame, 'Process', field1, field2, 2)

### Corrected Python Code
procbutton = ProcessButton(frame, 'Process', field1, field2, 3)

### Corrected Python
procbutton = ProcessButton(frame, 'Process', field1, field2, 4)

### Corrected Python
procbutton = ProcessButton(frame, 'Process', field1, field2, 5)

### Corrected Python
procbutton = ProcessButton(frame, 'Process', field1, field2, 6)

### Corrected Python
procbutton = ProcessButton(frame, 'Process', field1, field2, 7)

### Corrected Python
procbutton = ProcessButton(frame, 'Process', field1, field2, 8)

### Corrected Python
procbutton = ProcessButton(frame, 'Process', field1, field2, 9)

### Corrected Python
procbutton = ProcessButton(frame, 'Process', field1, field2, 10)

### Corrected Python
procbutton = ProcessButton(frame, 'Process', field1, field2, 11)

### Corrected Python
procbutton = ProcessButton(frame, 'Process', field1, field2, 12)

### Corrected Python
procbutton = ProcessButton(frame, 'Process', field1, field2, 13)

### Corrected Python
procbutton = ProcessButton(frame, 'Process', field1, field2, 14)

### Corrected Python
procbutton = ProcessButton(frame, 'Process', field1, field2, 15)

### Corrected Python
procbutton = ProcessButton(frame, 'Process', field1, field2, 16)

### Corrected Python
procbutton = ProcessButton(frame, 'Process', field1, field2, 17)

### Corrected Python
procbutton = ProcessButton(frame, 'Process', field1, field2, 18)

### Corrected Python
procbutton = ProcessButton(frame, 'Process', field1, field2, 19)

### Corrected Python
procbutton = ProcessButton(frame, 'Process', field1, field2, 20)

### Corrected Python
procbutton = ProcessButton(frame, 'Process', field1, field"
"class Solution:

    def minimumMoves(self, nums: List[int], k: int, maxChanges: int) -> int:
        n = len(nums)
        cnt = [0] * (n + 1)
        s = [0] * (n + 1)
        for i in range(n - 1, -1, -1):
            cnt[i] = cnt[i + 1] + nums[i]
            s[i] = s[i - 1] + i * x
        ans = inf
        max = lambda x, y: x if x > y else y
        min = lambda x, y: x if x < y else y
        for i, x in enumerate(nums, 1):
            t = 0
            need = k - x
            for j in (i - 1, i + 1):
                if need > 0 and 1 <= j <= n and (nums[j - 1] == 1):
                    need -= 1
                    t += 1
            c = min(need, maxChanges) * 2
            need -= c // 2
            t += c * 2
            if need <= 0:
                ans = min(ans, t)
                continue
            l, r = (2, max(i - 1, n - i))
            while l <= r:
                mid = l + r >> 1
                l1, r1 = (max(1, i - mid), max(0, i - 2))
                l2, r2 = (min(n + 1, i + 2), min(n, i + mid))
                c1 = cnt[r1] - cnt[l1 - 1]
                c2 = cnt[r2] - cnt[l2 - 1]
                if c1 + c2 >= need:
                    t1 = c1 * i - (s[r1] - s[l1 - 1])
                    t2 = s[r2] - s[l2 - 1] - c2 * i
                    ans = min(ans, t + t1 + t2)
                    r = mid - 1
                else:
                    l = mid + 1
        return ans","class Solution:

    def minimumMoves(self, nums: List[int], k: int, maxChanges: int) -> int:
        n = len(nums)
        cnt = [0] * (n + 1)
        s = [0] * (n + 1)
        for i, x in enumerate(nums, 1):
            cnt[i] = cnt[i - 1] + x
            s[i] = s[i - 1] + i * x
        ans = inf
        max = lambda x, y: x if x > y else y
        min = lambda x, y: x if x < y else y
        for i, x in enumerate(nums, 1):
            t = 0
            need = k - x
            for j in (i - 1, i + 1):
                if need > 0 and 1 <= j <= n and (nums[j - 1] == 1):
                    need -= 1
                    t += 1
            c = min(need, maxChanges)
            need -= c
            t += c * 2
            if need <= 0:
                ans = min(ans, t)
                continue
            l, r = (2, max(i - 1, n - i))
            while l <= r:
                mid = l + r >> 1
                l1, r1 = (max(1, i - mid), max(0, i - 2))
                l2, r2 = (min(n + 1, i + 2), min(n, i + mid))
                c1 = cnt[r1] - cnt[l1 - 1]
                c2 = cnt[r2] - cnt[l2 - 1]
                if c1 + c2 >= need:
                    t1 = c1 * i - (s[r1] - s[l1 - 1])
                    t2 = s[r2] - s[l2 - 1] - c2 * i
                    ans = min(ans, t + t1 + t2)
                    r = mid - 1
                else:
                    l = mid + 1
        return ans","class Solution:

    def minimumMoves(self, nums: List[int], k: int, maxChanges: int) -> int:
        n = len(nums)
        cnt = [0] * (n + 1)
        s = [0] * (n + 1)
        for i in range(n - 1, -1, -1):
            cnt[i] = cnt[i + 1] + nums[i]
            s[i] = s[i + 1] + i * nums[i]
        ans = inf
        max = lambda x, y: x if x > y else y
        min = lambda x, y: x if x < y else y
        for i, x in enumerate(nums, 1):
            t = 0
            need = k - x
            for j in (i - 1, i + 1):
                if need > 0 and 1 <= j <= n and (nums[j - 1] == 1):
                    need -= 1
                    t += 1
            c = min(need, maxChanges) * 2
            need -= c // 2
            t += c * 2
            if need <= 0:
                ans = min(ans, t)
                continue
            l, r = (2, max(i - 1, n - i))
            while l <= r:
                mid = l + r >> 1
                l1, r1 = (max(1, i - mid), max(0, i - 2))
                l2, r2 = (min(n + 1, i + 2), min(n, i + mid))
                c1 = cnt[r1] - cnt[l1 - 1]
                c2 = cnt[r2] - cnt[l2 - 1]
                if c1 + c2 >= need:
                    t1 = c1 * i - (s[r1] - s[l1 - 1])
                    t2 = s[r2] - s[l2 - 1] - c2 * i
                    ans = min(ans, t + t1 + t2)
                    r = mid - 1
                else:
                    l = mid + 1
        return ans

class Solution:

    def minimumMoves(self, nums: List[int], k: int, maxChanges: int)"
submissions_id = set((utils.encode_id(fs['id']) for fs in course_submissions)),submissions_id = set((utils.encode_id(fs['id']) for fs in submissions)),"### Buggy Python Code
submissions_id = set((utils.encode_id(fs['id']) for fs in course_submissions))

### Corrected Python Code
submissions_id = set((utils.encode_id(fs['id']) for fs in course_submissions if fs['id']))

### Corrected Python Code
submissions_id = set((utils.encode_id(fs['id']) for fs in course_submissions if fs['id'] and fs['id'] not in submissions_id))

### Corrected Python Code
submissions_id = set((utils.encode_id(fs['id']) for fs in course_submissions if fs['id'] and fs['id'] not in submissions_id)) - set(submissions_id) - set(self.get_all_student_ids()) - set(self.get_all_teacher_ids()) - set(self.get_all_admin_ids()) - set(self.get_all_staff_ids()) - set(self.get_all_student_ids_in_course(course_id)) - set(self.get_all_teacher_ids_in_course(course_id)) - set(self.get_all_admin_ids_in_course(course_id)) - set(self.get_all_staff_ids_in_course(course_id)) - set(self.get_all_student_ids_in_course_section(course_id)) - set(self.get_all_teacher_ids_in_course_section(course_id)) - set(self.get_all_admin_ids_in_course_section(course_id)) - set(self.get_all_staff_ids_in_course_section(course_id)) - set(self.get_all_student_ids_in_course_section_group(course_id)) - set(self.get_all_teacher_ids_in_course_section_group(course_id)) - set(self.get_all_admin_ids_in_course_section_group(course_id)) - set(self.get_all_staff_ids_in_course_section_group(course_id)) - set(self.get_all_student_ids_in_course_section_group_section(course_id)) - set(self.get_all_teacher_ids_in_course_section_group_section(course_id)) - set(self"
"action_bet = Action(ActionType.BET, min_size=1, max_size=self.pot)","action_bet = Action(ActionType.BET, size=self.pot, min_size=1, max_size=self.pot)","### Buggy Python Code
action_bet = Action(ActionType.BET, min_size=1, max_size=self.pot)

### Corrected Python Code
action_bet = Action(ActionType.BET, min_size=1, max_size=self.pot - self.player.stack) if self.player.stack > 0 else Action(ActionType.BET, min_size=1, max_size=self.pot)

### Corrected Python
action_bet = Action(ActionType.BET, min_size=1, max_size=self.pot - self.player.stack) if self.player.stack > 0 else Action(ActionType.BET, min_size=1, max_size=self.pot) if self.pot > 0 else Action(ActionType.BET, min_size=1, max_size=self.pot) if self.pot > 0 else Action(ActionType.BET, min_size=1, max_size=self.pot) if self.pot > 0 else Action(ActionType.BET, min_size=1, max_size=self.pot) if self.pot > 0 else Action(ActionType.BET, min_size=1, max_size=self.pot) if self.pot > 0 else Action(ActionType.BET, min_size=1, max_size=self.pot) if self.pot > 0 else Action(ActionType.BET, min_size=1, max_size=self.pot) if self.pot > 0 else Action(ActionType.BET, min_size=1, max_size=self.pot) if self.pot > 0 else Action(ActionType.BET, min_size=1, max_size=self.pot) if self.pot > 0 else Action(ActionType.BET, min_size=1, max_size=self.pot) if self.pot > 0 else Action(ActionType.BET, min_size=1, max_size=self.pot) if self.pot > 0 else Action(ActionType.BET, min_size=1, max_size=self.pot) if self.pot > 0 else Action(ActionType.BET, min_size=1, max_size=self.pot) if self.pot > 0 else Action(ActionType.BET, min_size=1, max_size=self.pot) if self.pot"
